PDBID,CHAIN,sequence
1zl8,A,GSLNLERDVQRILELMEHVQKTGEVNNAKLASLQQVLQSEFFGAVREVYETVY
2qeu,A,TSQDILKQHAAHYESDGGLPEALVQLAEYAPETFDAYSRRTTLKSEADGAKLPLKYKHLILVVLDAIRDEPIGIVNHTRAANAGLSVDELIEGILLGIIVYGPAWGKTGRKAVTFAVEFEKELAGKRT
1fsi,A,MEEVKKDVYSVWALPDEESEPRFKKLMEALRSEFTGPRFVPHVTVAVSAYLTADEAKKMFESACDGLKAYTATVDRVSTGTFFFQCVFLLLQTTPEVMEAGEHCCSTPYMPHLSLLYAELTEEEKKNAQEKAYTLDSSLDGLSFRLNRLALCKTDTEDKTLETWETVAVCNLNP
1k8k,A,AYHSFLVEPISCHAWNKDRTQIAICPNNHEVHIYEKSGNKWVQVHELKEHNGQVTGVDWAPDSNRIVTCGTDRNAYVWTLKGRTWKPTLVILRINRAARCVRWAPNEKKFAVGSGSRVISICYFEQENDWWVCKHIKKPIRSTVLSLDWHPNSVLLAAGSCDFKCRIFSAYIKEVEERPAPTPWGSKMPFGELMFESSSSCGWVHGVCFSANGSRVAWVSHDSTVCLADADKKMAVATLASETLPLLAVTFITESSLVAAGHDCFPVLFTYDSAAGKLSFGGRLDVPTARERFQNLDKKAAGLDSLHKNSVSQISVLSGGKAKCSQFCTTGMDGGMSIWDVRSLESALKDLKIV
3lu7,A,SEVAHRFKDLGEENFKALVLIAFAQYLQQCPFEDHVKLVNEVTEFAKTCVADESAENCDKSLHTLFGDKLCTVATLRETYGEMADCCAKQEPERNECFLQHKDDNPNLPRLVRPEVDVMCTAFHDNEETFLKKYLYEIARRHPYFYAPELLFFAKRYKAAFTECCQAADKAACLLPKLDELRDEGKASSAKQRLKCASLQKFGERAFKAWAVARLSQRFPKAEFAEVSKLVTDLTKVHTECCHGDLLECADDRADLAKYICENQDSISSKLKECCEKPLLEKSHCIAEVENDEMPADLPSLAADFVESKDVCKNYAEAKDVFLGMFLYEYARRHPDYSVVLLLRLAKTYETTLEKCCAAADPHECYAKVFDEFKPLVEEPQNLIKQNCELFEQLGEYKFQNALLVRYTKKVPQVSTPTLVEVSRNLGKVGSKCCKHPEAKRMPCAEDYLSVVLNQLCVLHEKTPVSDRVTKCCTESLVNRRPCFSALEVDETYVPKEFNAETFTFHADICTLSEKERQIKKQTALVELVKHKPKATKEQLKAVMDDFAAFVEKCCKADDKETCFAEEGKKLVAASQAA
3euk,A,AIPAKLAIAIANPIFPQLDSQLRAGRHISIEMLDEHAFLMDFQTELESFYRRYHVDLIRAPEGFFYLRPKASTLIARSAMSEMEMLVGKVLCYLYLSPERLAQQGIFSQDDVYEELLNRAKLAEKVGGALRRLARIGIITRVKFIISEAVFRFGADVRAGDDPREVQLRLIRD
2zyf,A,MREWKIIDSTLREGEQFEKANFSTQDKVEIAKALDEFGIEYIEVTTPVASPQSRKDAEVLASLGLKAKVVTHIQCRLDAAKVAVETGVQGIDLLFGTSKGRDIPRIIEEAKEVIAYIREAAPHVEVRFSAEDTFRSEEQDLLAVYEAVAPYVDRVGLADTVGVATPRQVYALVREVRRVVGPRVDIEFHGHNDTGCAIANAYEAIEAGATHVDTTILGIGERNGITPLGGFLARMYTLQPEYVRRKYKLEMLPELDRMVARMVGVEIPFNNYITGETAFSHKAGMHLKAIYINPEAYEPYPPEVFGVKRKLIIA
3a7o,A,DDALLNTLAILQKELKSKEQEIRRLKEVIALKNKNTERLNDELISGTIENNVLQ
3iko,A,DEIDNAKLIMKERRFTASYTFAKFSTGSMLLTKDIVGKSGVSIKRLPTELQRKFLFDDVYLDKEIEKVTIEARKSNPYPQISESSLLFKDALDYMEKTSSDYNLWKLSSILFDPVSYPYKTDNDQVKMALLKKERHCRLTSWIVSQIGPEIEEKIRNSSNEIEQIFLYLLLNDVVRASKLAIESKNGHLSVLISYLGSNDPRIRDLAELQLQKWSTGGCSIDKNISKIYKLLSGSPFEGLFSLKELESEFSWLCLLNLTLCYGQIDEYSLESLVQSHLDKFSLPYDDPIGVIFQLYAANENTEKLYKEVRQRTNALDVQFCWYLIQTLRFNGTRVFSKETSDEATFAFAAQLEFAQLHGHSLFVSCFLNDDKAAEDTIKRLVMREITLLRASTNDHILNRLKIPSQLIFNAQALKDRYEGNYL
3wg5,A,LAKNIVYVAQIKGQITSYTYDQFDRYITIAEQDNAEAIIIELDTPGGRADAMMNIVQRIQQSKIPVIIYVYPPGASAASAGTYIALGSHLIAMAPGTSIGACRPILGYSQNGSIIEAPPAITNYFIAYIKSLAQESGRNATIAEEFITKDLSLTPEEALKYGVIEVVARDINELLKKSNGMKTKIPVNGRYVTLNFTNVEVRYLAPSFKDKLISYITDL
3csn,A,PAFSVNYDSSFGGYSIHDYLGQWASTFGDANSGGFYGGSLSGSQYAISSTANQVTAFVAGGNLTYTLFNEPAHTLYGQLDSLSFGDGLSGGDTSPYSIQVPDVSFGGLNLSSLQAQGHDGVVHQVVYGLMSGDTGALETALNGILDDYGLSVNSTFDQVAAAT
4fy4,A,RRRARGKSVERGSTPLQYVTTLGPSRPRMGQGQGWQKLSHEEIILQVNSSTAADTIQTIPIIPRLSVPAGDKPIYSGSAPHLRTIGSAFAIHRWRALSFEWIPSCPTTTPGNLVLRFYPNYSTETPKTLTDLMDSESLVLVPSLSGKTYRPKIETRGNPPELRNIDATAFSALSDEDKGDYSVGRLVVGSSKQAVVIQLGLLRMRYSAEMRGATSIS
5hb6,A,SGAYWMSPTADDIRAMNRMQRQRVVGFTVGRENVGSVQFKVPVDLSNINLDDLFGTIVILEPRSATVYPNAAKKPPMGKGLNVPALISLEHSWPRGGPTIKGRRLERHIERLKSIPDTTFESYDPETGVWAFSVEHFATYGLG
6aie,A,SMTRIIGGVAGGRRIAVPPRGTTDRVRESLFNIVTARRDLTGLAVLDLYAGSGALGLEALSRGAASVLFVESDQRSAAVIARNIEALGLSGATLRRGAVAAVVAAGTTSPVDLVLADPPYNVDSADVDAILAALGTNGWTREGTVAVVERATTCAPLTWPEGWRRWPQRVYGDTRLELAERL
3v3o,A,LSDKNVAIIGGGPVGLTMAKLLQQNGIDVSVYERDNDREARIFGGTLDLHKGSGQEAMKKAGLLQTYYDLALPMGVNIADKKGNILSTKNVKPENRFDNPEINRNDLRAILLNSLENDTVIWDRKLVMLEPGKKKWTLTFENKPSETADLVILANGGMSKVRKFVTDTEVEETGTFNIQADIHQPEINCPGFFQLCNGNRLMASHQGNLLFANPNNNGALHFGISFKTPDEWKVDFQNRNSVVDFLLKKFSDWDERYKELIHATLSFVGLATRIFPLEKPWKSKRPLPITMIGDAAHLMPPFAGQGVNSGLVDALILSDNLADGKFNSIEEAVKNYEQQMFIYGKEAQEESTQNEIEMFKPDFTF
1ymy,A,MYALTQGRIFTGHEFLDDHAVVIADGLIKSVCPVAELPPEIEQRSLNGAILSPGFIDVQLNGCGGVQFNDTAEAVSVETLEIMQKANEKSGCTNYLPTLITTSDELMKQGVRVMREYLAKHPNQALGLHLEGPWLNLVPNFVRKPDAALVDFLCENADVITKVTLAPEMVPAEVISKLANAGIVVSAGHSNATLKEAKAGFRAGITFATHLYNAMPYITGREPGLAGAILDEADIYCGIIADGLHVDYANIRNAKRLKGDKLCLVTDATAPAGANIEQFIFAGKTIYYRNGLCVDENGTLSGSSLTMIEGVRNLVEHCGIALDEVLRMATLYPARAIGVEKRLGTLAAGKVANLTAFTPDFKITKTIVNGNEVVTQ
2wsf,A,GVIEEYLEKSKTNKELNDKKRLATTGANFARAYTVEFGSCKFPENFTGCQDLAKQKKVPFLSDDLDLECEGKDKYKCGSNVFWKW
3vnv,A,AEITASLVKELRERTGAGMMDCKKALTEANGDIELAIENMRKSGAIKAAKKAGNVAADGVIKTKIDGNYGIILEVNCQTDFVAKDAGFQAFADKVLDAAVAGKITDVEVLKAQFEEERVALVAKIGENINIRRVAALEGDVLGSYQHGARIGVLVAAKGADEELVKHIAMHVAASKPEFIKPEDVSAEVVEKEYQVQLDIAMQSGKPKEIAEKMVEGRMKKFTGEVSLTGQPFVMEPSKTVGQLLKEHNAEVTGFIRFEVGEGIEKVETDFAAEVAAMSKQSHMSFERTKPHVNVGTIGHVDHGKTTLTAAITTVLAKTYGGNTSHVEYDTPTRHYAHVDCPGHADYVKNMITGAAQMDGAILVVAATDGPMPQTREHILLGRQVGVPYIIVFLNKCDMVDDEELLELVEMEVRELLSQYDFPGDDTPIVRGSALKALEGDAEWEAKILELAGFLDSYIPEPERAIDKPFLLPIEDVFSISGRGTVVTGRVERGIIKVGEEVEIVGIKETQKSTCTGVEMFRKLLDEGRAGENVGVLLRGIKREEIERGQVLAKPGTIKPHTKFESEVYILSKDEGGRHTPFFKGYRPQFYFRTTDVTGTIELPEGVEMVMPGDNIKMVVTLIHPIAMDDGLRFAIREGGRTVGAGVVAKVLSGASSRNSLSAQLRRAANTRIEVEGNLALSIANDLLLAYGQSPFNSEAECISFSPRFDGTPDDFRINYLKAEIMSKYDDFSLGIDTEAVAWEKFLAAEAECALTNARLYRPDYSEDFNFSLGESCIHMARRKIAKLIGDVPSVEGMLRHCRFSGGATTTNNRSYGHPSFKFALPQACTPRALKYVLALRASTHFDIRISDISPFNKAVTVPKNSKTDRCIAIEPGWNMFFQLGIGGILRDRLRCWGIDLNDQTINQRRAHEGSVTNNLATVDLSAASDSISLALCELLLPPGWFEVLMDLRSPKGRLPDGSVVTYEKISSMGNGYTFELESLIFASLARSVCEILDLDSSEVTVYGDDIILPSCAVPALREVFKYVGFTTNTKKTFSEGPFRESCGKHYYSGVDVTPFYIRHRIVSPADLILVLNNLYRWATIDGVWDPRAHSVYLKYRKLLPKQLQRNTIPDGYGDGALVGSVLINPFAKNRGWIRYVPVITDHTRDRERAELGSYLYDLFSRCLSESNAIDQLICRSNPTKISRSTGKFDIQYIACSSR
4kj0,A,KIRTLQGRVVSDKMEKSIVVAIERFVKHPIYGKFIKRTTKLHVHDENNECGIGDVVEIRECRPLSKTKSWTLVRVVEKAV
3lz7,A,LWKKTFTLENLNQLCSNSAVSHLGIEISAFGEDWIEATPVDHRTQPFGVLHGGVSVALAETIGSLAGSLCLEEGKTVVGLDINANHLRPVRSGKVTARATPINLGRNIQVWQIDIRTEENKLCCVSRLTLSVINLLEHHH
3wsd,A,MKAKEIIEFIETFAPKDLAIEGDNIGLQVGDNLDKEIKKLGIALDPSLSVIKKAEKEGVDFLFTHHPLLKDPIRNFTGVIYKKLKILMENDIILYSAHTNLDICKNGLNDALAELYNLENPKPLYDNGLGRVGIFKGSFEEFLEITKKYIHKNPIVVKSKEVDDNFKLAVLSGYGLSQSSIKYVAEKADVYLSGDLTHHSKILAEELGLVVVDATHYSTEVFGLKKFKEFLSSNLDLEIISLDF
1aaz,A,MFKVYGYDSNIHKCVYCDNAKRLLTVKKQPFEFINIMPEKGVFDDEKIAELLTKLGRDTQIGLTMPQVFAPDGSHIGGFDQLREYFK
3ljb,A,DENEKMFFLIDKVNAFNQDITALMQGEETVGEEDIRLFTRLRHEFHKWSTIIENNFQEGHKILSRKIQKYRTFETIVKQQIKALEEPAVDMLHTVTDMVRLAFTDVSIKNFEEFFNLHRTAKSKIEDIRAEQEREGEKLIRLHFQMEQIVEIFQHLMAYHQEASKRISSHIPLIIQFFMLQTYGQQLQKAMLQLLQDKDTYSWLLKERSDT
3msy,A,IPVAPLAREFRGSHTHRATIVTRVHTDAGIIGEAYTGDEHETFDIDRIIHEELAPTLIGQDAAIERLWDSGYKVTFDILRDRRLGLVALAAVNTAIWDAVGKALKPLWKLWGGYRNELPIAIGGYYGEPLGSIADEHNYQELGLAGVKFKVGGLSAAEDAARITAAREAAGDDFIICIDANQGYKPAVAVDLSRRIADLNIRWFEEPVEWHNDKRSRDVRYQGSVPVCAGQTEFSASGCRDLETGAIDVCNFDSSWSGGPTAWLRTAAIATSYDVQGHHEEPQVSTHLLASQPHGTIAECFHPDRDPFWWNITNRPKLNNGTLTLSDRPGLGWDLNWDYIDQYRV
4xjc,A,MILSGKTISEKLTEKELEITPLTEEQIQPASVDLRLGPHFVTIDDSKEAVISFERPIRYREWTTSDETIVLPPHTFLLATTMETVKLPNHLTAFVEGRSSVGRLGLFIQNAGWVDPGFNGQITLELFNANRLPIELPIGRRICQLVFAEVTGEVAPYQGKYLFQKGATMSEIYKDAF
4qqz,A,PPLDLRFWAKERGLRGKTYPLVCHSLDAAAAALVLWNEYLSPGLRDTIASSMETDEEHAGHCIAFWAGLHDIGKLTREFQQQIAIDLSAYPGEELSGEQRSHAAATGKWLPFALPSLGYPNGGLVTGLVAQMLGGHHGTFHPHPSFQSRNPLAEFGFSSPHWEKQRHALLHAVFDATGRPTPPDMLDGPTASVVCGLVILADWLVSQEDFLLERLTSLPADGSASALRAHFETSLRRIPSLLDAAGLRPITVPPATFTESFPHLSKPNGLQASLAKHLPCLCTGPGLVLITAPMGEGKTEAAYHVADLLGKATGRPGRFLALPTMATADQMHTRLKEYARYRVEPRSSTLALLHSMAWLNPDYAPALGHRDPFAATDWLMGRKRGLLAPWAVGTIDQALMAVLRAKHNALRLFGLAGKVVVVDEAHAVDPYMQVLLEQLLRWLGTLDVPVVLLSATLHHSIANSLVKAYLEGARGRRWNRSEPQPVSEVSYPGWLHVDARIGKVTRSSDVDPLPIATTPRKPLEVRLVDVPVKEGALNRSTVLAKELTPLVKQGGCAAIICTTVAEAQGVYDLLSQWFATLAPDLYLLHSRFPNRQRTEITATIVDLFGKEGAQSGRRPTAVLVATQVVEQSLDLDVDLMISDLAPVSLLLQRAGRCWRHEHLGIINRPQWAKQPELVVLTPEQNRAPWFPRSWTSVYPLALLQRTYTLLRRRNGAPVQIPEDVQQLVDDVYDDDSLAEDLEADMERMGEELAQRGLARNAVIPDPDDAEDNLNGLTEFSFHVLATRFGAGSVRVLCYYVDTAGNRWLDPECTVEFPEQGTGREGRFTMADCRDLVARTIPVRMGPWASQLTEDNHPPEAWRESFYLRDLVLIPQRVTDEGAVLPTETGGREWLLDPCKGLIF
3abl,A,FENRVAEKQKLFQEDNGLPVHLKGGATDNILYRVTMTLCLGGTLYSLYCLGWASFPH
5v0f,A,MSRVQLALRVPDLEASIGFYSKLFGTGPAKVRPGYANFAIAEPPLKLVLIEGAGEDATRLDHLGVEVEDSAQVGHAARRLKESGLATVEENDTACCYAVQDAVWVTGPGGEPWEVYVVK
5xyi,A,RCTKVRRIIETGLFYAELNELLTRELTKEGYGGCEVRQTPTRTEIIIKAANTKEFVDNHGRRLQEVRMMIQKRWRLKEDSLEIFIDRIQRKGLSALNQLESLRYKLIARIPARRAAYSIIRFVMDAGARGCEVAISGKLRGARASTSKYKEGYMVKSGDVTKQFVTQAVGHIPMKQATIGIRVLIMLAQDPSGIPKESQPDVIKVHEA
2qtx,A,PNFEYARRLNGKKVKIFLRNGEVLDAEVTGVSNYEIMVKVGDRNLLVFKHAIDYIEY
1u5w,A,LIMHQVVCATTNPAKIQAILQAFHEIFGEGSCHIASVAVESGVPEQPFGSEETRAGARNRVANARRLLPEADFWVAIEAGIDGDSTFSWVVIENASQRGEARSATLPLPAVILEKVREGEALGPVMSRYTGIDEIGRKEGAIGVFTAGKLTRASVYHQAVILALSPFHNAVYSG
4mis,A,AMGEITIKLPDSVKVSTNSILYKCGAKDLSVTYYNAGDISLAKLELEDETVVASNVISGSGAKYAGSVYIWWTKGKTASLYNLIDNPEEDKPISCVEQ
5br8,A,RNLSALKRHRQSLKRRLRNKAKKSAIKTLSKKAIQLAQEGKAEEALKIMRKAESLIDKAAKGSTLHKNAAARRKSRLMRKVRQLLEAAGAPLIGGGLSA
3hyo,A,LSTLVAEDLSAVGGISLSSALPVLTAQYDVAALPTSLLSTHTSGYGTPAVVDLSTWLPQVFAHWTRAQLHFDQALIGYVGSVALCQQITTYLEQQTLSLLVVDPVLGDLGQLYQGFDQDYVAARQLIQQADVILPNTTEAALLTGAPYQVTPDLEVILPALQAQLKTGAHAVITDVQRADQIGCAWLDEAGHVQYCGARRLPGHYNGTGDTLAAVIAGLLGRGYPLAPTLARANQWLNAVAETIAQNRTDDRQGVALGDLLQAILALNE
2e4f,A,IQRYVRKDGKCNVHHGNAETLVFSTHAVISMRDGKLCLMFRVGDLRIVEASIRAKLIKSKQTSEGEFIPLNQTDINVGYYTGDDRLFLVSPLIISHEINQQSPFWEISKAQLPKEELEIVVILEGMVEATGMTCQARSSYITSEILWGYRFTPVLTLGFYEVDYNSFHETYETSTPSLSAKELAELANRAE
4qot,A,PKHEFSVDMTCGGCAEAVSRVLNKLGGVKYDIDLPNKKVCIESEHSMDTLLATLKKTGKTVSYLGLE
4w6w,A,SAQVTGTLLGTGKTNTTQMPALYTWQHQIYNVNFIPSSSGTLTCQAGTILVWKNGRETQYALECRVSIHHSSGSINESQWGQQSQVGFGTACGNKKCRFTGFEISLRIPPNAQTYPLSGDLKGSFSLTNKEVNWSASIYVP
5yj1,A,GPTSLCCKQCQETEITTKNEIFSLSHETLTVYKASNLNLIGRPSTVHSWFPGYAWTIAQCKICASHIGWKFTATKKDMSPQKFWGLTRSALLP
5ceb,A,MVYLNSMCHMAANSKTQQIQGDDNKDDKFPLAAISKVVTTLWAVDRLGPDYRFKTKLHVTPTANGSYDIHIEGSRDPLFGRNMSYFLISELNRMKITKIEKLTFDENFLLAVEQQASIVRATLTSSFATAISPGYYTILKTKAARIGVQMSNRPKIDVRTISFVKKAEFQKNEKSTTMVLMSAPLKTILKRMNNQSNNYIADNLYWNLGGTEAFNAYIAGKMQADTSDIEFHNGSGNNEGSVAKPVYNEATCEMMIKVLYSLDKSLSAKGYDLSDVMAVAAKDKASTVGSYGGVMAGSTTAKTGSVNKAKTLMGSVSTKNGEIYFAVLMHTDYDKSRSDWGVASQQIKNKVSQLINQNGGPKAIKYTEQLPLPFDKYSYLTKA
